regiao,variavel,data,valor
Brasil,IPCA - Variação mensal (%),2002-01-01,0.52
Brasil,IPCA - Variação mensal (%),2002-02-01,0.36
Brasil,IPCA - Variação mensal (%),2002-03-01,0.60
Brasil,IPCA - Variação mensal (%),2002-04-01,0.80
Brasil,IPCA - Variação mensal (%),2002-05-01,0.21
Brasil,IPCA - Variação mensal (%),2002-06-01,0.42
Brasil,IPCA - Variação mensal (%),2002-07-01,1.19
Brasil,IPCA - Variação mensal (%),2002-08-01,0.65
Brasil,IPCA - Variação mensal (%),2002-09-01,0.72
Brasil,IPCA - Variação mensal (%),2002-10-01,1.31
Brasil,IPCA - Variação mensal (%),2002-11-01,3.02
Brasil,IPCA - Variação mensal (%),2002-12-01,2.10
Brasil,IPCA - Variação mensal (%),2003-01-01,2.25
Brasil,IPCA - Variação mensal (%),2003-02-01,1.57
Brasil,IPCA - Variação mensal (%),2003-03-01,1.23
Brasil,IPCA - Variação mensal (%),2003-04-01,0.97
Brasil,IPCA - Variação mensal (%),2003-05-01,0.61
Brasil,IPCA - Variação mensal (%),2003-06-01,-0.15
Brasil,IPCA - Variação mensal (%),2003-07-01,0.20
Brasil,IPCA - Variação mensal (%),2003-08-01,0.34
Brasil,IPCA - Variação mensal (%),2003-09-01,0.78
Brasil,IPCA - Variação mensal (%),2003-10-01,0.29
Brasil,IPCA - Variação mensal (%),2003-11-01,0.34
Brasil,IPCA - Variação mensal (%),2003-12-01,0.52
Brasil,IPCA - Variação mensal (%),2004-01-01,0.76
Brasil,IPCA - Variação mensal (%),2004-02-01,0.61
Brasil,IPCA - Variação mensal (%),2004-03-01,0.47
Brasil,IPCA - Variação mensal (%),2004-04-01,0.37
Brasil,IPCA - Variação mensal (%),2004-05-01,0.51
Brasil,IPCA - Variação mensal (%),2004-06-01,0.71
Brasil,IPCA - Variação mensal (%),2004-07-01,0.91
Brasil,IPCA - Variação mensal (%),2004-08-01,0.69
Brasil,IPCA - Variação mensal (%),2004-09-01,0.33
Brasil,IPCA - Variação mensal (%),2004-10-01,0.44
Brasil,IPCA - Variação mensal (%),2004-11-01,0.69
Brasil,IPCA - Variação mensal (%),2004-12-01,0.86
Brasil,IPCA - Variação mensal (%),2005-01-01,0.58
Brasil,IPCA - Variação mensal (%),2005-02-01,0.59
Brasil,IPCA - Variação mensal (%),2005-03-01,0.61
Brasil,IPCA - Variação mensal (%),2005-04-01,0.87
Brasil,IPCA - Variação mensal (%),2005-05-01,0.49
Brasil,IPCA - Variação mensal (%),2005-06-01,-0.02
Brasil,IPCA - Variação mensal (%),2005-07-01,0.25
Brasil,IPCA - Variação mensal (%),2005-08-01,0.17
Brasil,IPCA - Variação mensal (%),2005-09-01,0.35
Brasil,IPCA - Variação mensal (%),2005-10-01,0.75
Brasil,IPCA - Variação mensal (%),2005-11-01,0.55
Brasil,IPCA - Variação mensal (%),2005-12-01,0.36
Brasil,IPCA - Variação mensal (%),2006-01-01,0.59
Brasil,IPCA - Variação mensal (%),2006-02-01,0.41
Brasil,IPCA - Variação mensal (%),2006-03-01,0.43
Brasil,IPCA - Variação mensal (%),2006-04-01,0.21
Brasil,IPCA - Variação mensal (%),2006-05-01,0.10
Brasil,IPCA - Variação mensal (%),2006-06-01,-0.21
Brasil,IPCA - Variação mensal (%),2006-07-01,0.19
Brasil,IPCA - Variação mensal (%),2006-08-01,0.05
Brasil,IPCA - Variação mensal (%),2006-09-01,0.21
Brasil,IPCA - Variação mensal (%),2006-10-01,0.33
Brasil,IPCA - Variação mensal (%),2006-11-01,0.31
Brasil,IPCA - Variação mensal (%),2006-12-01,0.48
Brasil,IPCA - Variação mensal (%),2007-01-01,0.44
Brasil,IPCA - Variação mensal (%),2007-02-01,0.44
Brasil,IPCA - Variação mensal (%),2007-03-01,0.37
Brasil,IPCA - Variação mensal (%),2007-04-01,0.25
Brasil,IPCA - Variação mensal (%),2007-05-01,0.28
Brasil,IPCA - Variação mensal (%),2007-06-01,0.28
Brasil,IPCA - Variação mensal (%),2007-07-01,0.24
Brasil,IPCA - Variação mensal (%),2007-08-01,0.47
Brasil,IPCA - Variação mensal (%),2007-09-01,0.18
Brasil,IPCA - Variação mensal (%),2007-10-01,0.30
Brasil,IPCA - Variação mensal (%),2007-11-01,0.38
Brasil,IPCA - Variação mensal (%),2007-12-01,0.74
Brasil,IPCA - Variação mensal (%),2008-01-01,0.54
Brasil,IPCA - Variação mensal (%),2008-02-01,0.49
Brasil,IPCA - Variação mensal (%),2008-03-01,0.48
Brasil,IPCA - Variação mensal (%),2008-04-01,0.55
Brasil,IPCA - Variação mensal (%),2008-05-01,0.79
Brasil,IPCA - Variação mensal (%),2008-06-01,0.74
Brasil,IPCA - Variação mensal (%),2008-07-01,0.53
Brasil,IPCA - Variação mensal (%),2008-08-01,0.28
Brasil,IPCA - Variação mensal (%),2008-09-01,0.26
Brasil,IPCA - Variação mensal (%),2008-10-01,0.45
Brasil,IPCA - Variação mensal (%),2008-11-01,0.36
Brasil,IPCA - Variação mensal (%),2008-12-01,0.28
Brasil,IPCA - Variação mensal (%),2009-01-01,0.48
Brasil,IPCA - Variação mensal (%),2009-02-01,0.55
Brasil,IPCA - Variação mensal (%),2009-03-01,0.20
Brasil,IPCA - Variação mensal (%),2009-04-01,0.48
Brasil,IPCA - Variação mensal (%),2009-05-01,0.47
Brasil,IPCA - Variação mensal (%),2009-06-01,0.36
Brasil,IPCA - Variação mensal (%),2009-07-01,0.24
Brasil,IPCA - Variação mensal (%),2009-08-01,0.15
Brasil,IPCA - Variação mensal (%),2009-09-01,0.24
Brasil,IPCA - Variação mensal (%),2009-10-01,0.28
Brasil,IPCA - Variação mensal (%),2009-11-01,0.41
Brasil,IPCA - Variação mensal (%),2009-12-01,0.37
Brasil,IPCA - Variação mensal (%),2010-01-01,0.75
Brasil,IPCA - Variação mensal (%),2010-02-01,0.78
Brasil,IPCA - Variação mensal (%),2010-03-01,0.52
Brasil,IPCA - Variação mensal (%),2010-04-01,0.57
Brasil,IPCA - Variação mensal (%),2010-05-01,0.43
Brasil,IPCA - Variação mensal (%),2010-06-01,0.00
Brasil,IPCA - Variação mensal (%),2010-07-01,0.01
Brasil,IPCA - Variação mensal (%),2010-08-01,0.04
Brasil,IPCA - Variação mensal (%),2010-09-01,0.45
Brasil,IPCA - Variação mensal (%),2010-10-01,0.75
Brasil,IPCA - Variação mensal (%),2010-11-01,0.83
Brasil,IPCA - Variação mensal (%),2010-12-01,0.63
Brasil,IPCA - Variação mensal (%),2011-01-01,0.83
Brasil,IPCA - Variação mensal (%),2011-02-01,0.80
Brasil,IPCA - Variação mensal (%),2011-03-01,0.79
Brasil,IPCA - Variação mensal (%),2011-04-01,0.77
Brasil,IPCA - Variação mensal (%),2011-05-01,0.47
Brasil,IPCA - Variação mensal (%),2011-06-01,0.15
Brasil,IPCA - Variação mensal (%),2011-07-01,0.16
Brasil,IPCA - Variação mensal (%),2011-08-01,0.37
Brasil,IPCA - Variação mensal (%),2011-09-01,0.53
Brasil,IPCA - Variação mensal (%),2011-10-01,0.43
Brasil,IPCA - Variação mensal (%),2011-11-01,0.52
Brasil,IPCA - Variação mensal (%),2011-12-01,0.50
Brasil,IPCA - Variação mensal (%),2012-01-01,0.56
Brasil,IPCA - Variação mensal (%),2012-02-01,0.45
Brasil,IPCA - Variação mensal (%),2012-03-01,0.21
Brasil,IPCA - Variação mensal (%),2012-04-01,0.64
Brasil,IPCA - Variação mensal (%),2012-05-01,0.36
Brasil,IPCA - Variação mensal (%),2012-06-01,0.08
Brasil,IPCA - Variação mensal (%),2012-07-01,0.43
Brasil,IPCA - Variação mensal (%),2012-08-01,0.41
Brasil,IPCA - Variação mensal (%),2012-09-01,0.57
Brasil,IPCA - Variação mensal (%),2012-10-01,0.59
Brasil,IPCA - Variação mensal (%),2012-11-01,0.60
Brasil,IPCA - Variação mensal (%),2012-12-01,0.79
Brasil,IPCA - Variação mensal (%),2013-01-01,0.86
Brasil,IPCA - Variação mensal (%),2013-02-01,0.60
Brasil,IPCA - Variação mensal (%),2013-03-01,0.47
Brasil,IPCA - Variação mensal (%),2013-04-01,0.55
Brasil,IPCA - Variação mensal (%),2013-05-01,0.37
Brasil,IPCA - Variação mensal (%),2013-06-01,0.26
Brasil,IPCA - Variação mensal (%),2013-07-01,0.03
Brasil,IPCA - Variação mensal (%),2013-08-01,0.24
Brasil,IPCA - Variação mensal (%),2013-09-01,0.35
Brasil,IPCA - Variação mensal (%),2013-10-01,0.57
Brasil,IPCA - Variação mensal (%),2013-11-01,0.54
Brasil,IPCA - Variação mensal (%),2013-12-01,0.92
Brasil,IPCA - Variação mensal (%),2014-01-01,0.55
Brasil,IPCA - Variação mensal (%),2014-02-01,0.69
Brasil,IPCA - Variação mensal (%),2014-03-01,0.92
Brasil,IPCA - Variação mensal (%),2014-04-01,0.67
Brasil,IPCA - Variação mensal (%),2014-05-01,0.46
Brasil,IPCA - Variação mensal (%),2014-06-01,0.40
Brasil,IPCA - Variação mensal (%),2014-07-01,0.01
Brasil,IPCA - Variação mensal (%),2014-08-01,0.25
Brasil,IPCA - Variação mensal (%),2014-09-01,0.57
Brasil,IPCA - Variação mensal (%),2014-10-01,0.42
Brasil,IPCA - Variação mensal (%),2014-11-01,0.51
Brasil,IPCA - Variação mensal (%),2014-12-01,0.78
Brasil,IPCA - Variação mensal (%),2015-01-01,1.24
Brasil,IPCA - Variação mensal (%),2015-02-01,1.22
Brasil,IPCA - Variação mensal (%),2015-03-01,1.32
Brasil,IPCA - Variação mensal (%),2015-04-01,0.71
Brasil,IPCA - Variação mensal (%),2015-05-01,0.74
Brasil,IPCA - Variação mensal (%),2015-06-01,0.79
Brasil,IPCA - Variação mensal (%),2015-07-01,0.62
Brasil,IPCA - Variação mensal (%),2015-08-01,0.22
Brasil,IPCA - Variação mensal (%),2015-09-01,0.54
Brasil,IPCA - Variação mensal (%),2015-10-01,0.82
Brasil,IPCA - Variação mensal (%),2015-11-01,1.01
Brasil,IPCA - Variação mensal (%),2015-12-01,0.96
Brasil,IPCA - Variação mensal (%),2016-01-01,1.27
Brasil,IPCA - Variação mensal (%),2016-02-01,0.90
Brasil,IPCA - Variação mensal (%),2016-03-01,0.43
Brasil,IPCA - Variação mensal (%),2016-04-01,0.61
Brasil,IPCA - Variação mensal (%),2016-05-01,0.78
Brasil,IPCA - Variação mensal (%),2016-06-01,0.35
Brasil,IPCA - Variação mensal (%),2016-07-01,0.52
Brasil,IPCA - Variação mensal (%),2016-08-01,0.44
Brasil,IPCA - Variação mensal (%),2016-09-01,0.08
Brasil,IPCA - Variação mensal (%),2016-10-01,0.26
Brasil,IPCA - Variação mensal (%),2016-11-01,0.18
Brasil,IPCA - Variação mensal (%),2016-12-01,0.30
Brasil,IPCA - Variação mensal (%),2017-01-01,0.38
Brasil,IPCA - Variação mensal (%),2017-02-01,0.33
Brasil,IPCA - Variação mensal (%),2017-03-01,0.25
Brasil,IPCA - Variação mensal (%),2017-04-01,0.14
Brasil,IPCA - Variação mensal (%),2017-05-01,0.31
Brasil,IPCA - Variação mensal (%),2017-06-01,-0.23
Brasil,IPCA - Variação mensal (%),2017-07-01,0.24
Brasil,IPCA - Variação mensal (%),2017-08-01,0.19
Brasil,IPCA - Variação mensal (%),2017-09-01,0.16
Brasil,IPCA - Variação mensal (%),2017-10-01,0.42
Brasil,IPCA - Variação mensal (%),2017-11-01,0.28
Brasil,IPCA - Variação mensal (%),2017-12-01,0.44
Brasil,IPCA - Variação mensal (%),2018-01-01,0.29
Brasil,IPCA - Variação mensal (%),2018-02-01,0.32
Brasil,IPCA - Variação mensal (%),2018-03-01,0.09
Brasil,IPCA - Variação mensal (%),2018-04-01,0.22
Brasil,IPCA - Variação mensal (%),2018-05-01,0.40
Brasil,IPCA - Variação mensal (%),2018-06-01,1.26
Brasil,IPCA - Variação mensal (%),2018-07-01,0.33
Brasil,IPCA - Variação mensal (%),2018-08-01,-0.09
Brasil,IPCA - Variação mensal (%),2018-09-01,0.48
Brasil,IPCA - Variação mensal (%),2018-10-01,0.45
Brasil,IPCA - Variação mensal (%),2018-11-01,-0.21
Brasil,IPCA - Variação mensal (%),2018-12-01,0.15
Brasil,IPCA - Variação mensal (%),2019-01-01,0.32
Brasil,IPCA - Variação mensal (%),2019-02-01,0.43
Brasil,IPCA - Variação mensal (%),2019-03-01,0.75
Brasil,IPCA - Variação mensal (%),2019-04-01,0.57
Brasil,IPCA - Variação mensal (%),2019-05-01,0.13
Brasil,IPCA - Variação mensal (%),2019-06-01,0.01
Brasil,IPCA - Variação mensal (%),2019-07-01,0.19
Brasil,IPCA - Variação mensal (%),2019-08-01,0.11
Brasil,IPCA - Variação mensal (%),2019-09-01,-0.04
Brasil,IPCA - Variação mensal (%),2019-10-01,0.10
Brasil,IPCA - Variação mensal (%),2019-11-01,0.51
Brasil,IPCA - Variação mensal (%),2019-12-01,1.15
Brasil,IPCA - Variação mensal (%),2020-01-01,0.21
Brasil,IPCA - Variação mensal (%),2020-02-01,0.25
Brasil,IPCA - Variação mensal (%),2020-03-01,0.07
Brasil,IPCA - Variação mensal (%),2020-04-01,-0.31
Brasil,IPCA - Variação mensal (%),2020-05-01,-0.38
Brasil,IPCA - Variação mensal (%),2020-06-01,0.26
Brasil,IPCA - Variação mensal (%),2020-07-01,0.36
Brasil,IPCA - Variação mensal (%),2020-08-01,0.24
Brasil,IPCA - Variação mensal (%),2020-09-01,0.64
Brasil,IPCA - Variação mensal (%),2020-10-01,0.86
Brasil,IPCA - Variação mensal (%),2020-11-01,0.89
Brasil,IPCA - Variação mensal (%),2020-12-01,1.35
Brasil,IPCA - Variação mensal (%),2021-01-01,0.25
Brasil,IPCA - Variação mensal (%),2021-02-01,0.86
Brasil,IPCA - Variação mensal (%),2021-03-01,0.93
Brasil,IPCA - Variação mensal (%),2021-04-01,0.31
Brasil,IPCA - Variação mensal (%),2021-05-01,0.83
Brasil,IPCA - Variação mensal (%),2021-06-01,0.53
Brasil,IPCA - Variação mensal (%),2021-07-01,0.96
Brasil,IPCA - Variação mensal (%),2021-08-01,0.87
Brasil,IPCA - Variação mensal (%),2021-09-01,1.16
Brasil,IPCA - Variação mensal (%),2021-10-01,1.25
Brasil,IPCA - Variação mensal (%),2021-11-01,0.95
Brasil,IPCA - Variação mensal (%),2021-12-01,0.73
Brasil,IPCA - Variação mensal (%),2022-01-01,0.54
Brasil,IPCA - Variação mensal (%),2022-02-01,1.01
Brasil,IPCA - Variação mensal (%),2022-03-01,1.62
Brasil,IPCA - Variação mensal (%),2022-04-01,1.06
Brasil,IPCA - Variação mensal (%),2022-05-01,0.47
Brasil,IPCA - Variação mensal (%),2022-06-01,0.67
Brasil,IPCA - Variação mensal (%),2022-07-01,-0.68
Brasil,IPCA - Variação mensal (%),2022-08-01,-0.36
Brasil,IPCA - Variação mensal (%),2022-09-01,-0.29
Brasil,IPCA - Variação mensal (%),2022-10-01,0.59
Brasil,IPCA - Variação mensal (%),2022-11-01,0.41
Brasil,IPCA - Variação mensal (%),2022-12-01,0.62
Brasil,IPCA - Variação mensal (%),2023-01-01,0.53
Brasil,IPCA - Variação mensal (%),2023-02-01,0.84
Brasil,IPCA - Variação mensal (%),2023-03-01,0.71
Brasil,IPCA - Variação mensal (%),2023-04-01,0.61
Brasil,IPCA - Variação mensal (%),2023-05-01,0.23
Brasil,IPCA - Variação mensal (%),2023-06-01,-0.08
Brasil,IPCA - Variação mensal (%),2023-07-01,0.12
Brasil,IPCA - Variação mensal (%),2023-08-01,0.23
Brasil,IPCA - Variação mensal (%),2023-09-01,0.26
Brasil,IPCA - Variação mensal (%),2023-10-01,0.24
Brasil,IPCA - Variação mensal (%),2023-11-01,0.28
Brasil,IPCA - Variação mensal (%),2023-12-01,0.56
Brasil,IPCA - Variação mensal (%),2024-01-01,0.42
Brasil,IPCA - Variação mensal (%),2024-02-01,0.83
Brasil,IPCA - Variação mensal (%),2024-03-01,0.16
Brasil,IPCA - Variação mensal (%),2024-04-01,0.38
Brasil,IPCA - Variação mensal (%),2024-05-01,0.46
Brasil,IPCA - Variação mensal (%),2024-06-01,0.21
Brasil,IPCA - Variação acumulada no ano (%),2002-01-01,0.52
Brasil,IPCA - Variação acumulada no ano (%),2002-02-01,0.88
Brasil,IPCA - Variação acumulada no ano (%),2002-03-01,1.49
Brasil,IPCA - Variação acumulada no ano (%),2002-04-01,2.30
Brasil,IPCA - Variação acumulada no ano (%),2002-05-01,2.51
Brasil,IPCA - Variação acumulada no ano (%),2002-06-01,2.94
Brasil,IPCA - Variação acumulada no ano (%),2002-07-01,4.17
Brasil,IPCA - Variação acumulada no ano (%),2002-08-01,4.85
Brasil,IPCA - Variação acumulada no ano (%),2002-09-01,5.60
Brasil,IPCA - Variação acumulada no ano (%),2002-10-01,6.98
Brasil,IPCA - Variação acumulada no ano (%),2002-11-01,10.22
Brasil,IPCA - Variação acumulada no ano (%),2002-12-01,12.53
Brasil,IPCA - Variação acumulada no ano (%),2003-01-01,2.25
Brasil,IPCA - Variação acumulada no ano (%),2003-02-01,3.86
Brasil,IPCA - Variação acumulada no ano (%),2003-03-01,5.13
Brasil,IPCA - Variação acumulada no ano (%),2003-04-01,6.15
Brasil,IPCA - Variação acumulada no ano (%),2003-05-01,6.80
Brasil,IPCA - Variação acumulada no ano (%),2003-06-01,6.64
Brasil,IPCA - Variação acumulada no ano (%),2003-07-01,6.85
Brasil,IPCA - Variação acumulada no ano (%),2003-08-01,7.22
Brasil,IPCA - Variação acumulada no ano (%),2003-09-01,8.05
Brasil,IPCA - Variação acumulada no ano (%),2003-10-01,8.37
Brasil,IPCA - Variação acumulada no ano (%),2003-11-01,8.74
Brasil,IPCA - Variação acumulada no ano (%),2003-12-01,9.30
Brasil,IPCA - Variação acumulada no ano (%),2004-01-01,0.76
Brasil,IPCA - Variação acumulada no ano (%),2004-02-01,1.37
Brasil,IPCA - Variação acumulada no ano (%),2004-03-01,1.85
Brasil,IPCA - Variação acumulada no ano (%),2004-04-01,2.23
Brasil,IPCA - Variação acumulada no ano (%),2004-05-01,2.75
Brasil,IPCA - Variação acumulada no ano (%),2004-06-01,3.48
Brasil,IPCA - Variação acumulada no ano (%),2004-07-01,4.42
Brasil,IPCA - Variação acumulada no ano (%),2004-08-01,5.14
Brasil,IPCA - Variação acumulada no ano (%),2004-09-01,5.49
Brasil,IPCA - Variação acumulada no ano (%),2004-10-01,5.95
Brasil,IPCA - Variação acumulada no ano (%),2004-11-01,6.68
Brasil,IPCA - Variação acumulada no ano (%),2004-12-01,7.60
Brasil,IPCA - Variação acumulada no ano (%),2005-01-01,0.58
Brasil,IPCA - Variação acumulada no ano (%),2005-02-01,1.17
Brasil,IPCA - Variação acumulada no ano (%),2005-03-01,1.79
Brasil,IPCA - Variação acumulada no ano (%),2005-04-01,2.68
Brasil,IPCA - Variação acumulada no ano (%),2005-05-01,3.18
Brasil,IPCA - Variação acumulada no ano (%),2005-06-01,3.16
Brasil,IPCA - Variação acumulada no ano (%),2005-07-01,3.42
Brasil,IPCA - Variação acumulada no ano (%),2005-08-01,3.59
Brasil,IPCA - Variação acumulada no ano (%),2005-09-01,3.95
Brasil,IPCA - Variação acumulada no ano (%),2005-10-01,4.73
Brasil,IPCA - Variação acumulada no ano (%),2005-11-01,5.31
Brasil,IPCA - Variação acumulada no ano (%),2005-12-01,5.69
Brasil,IPCA - Variação acumulada no ano (%),2006-01-01,0.59
Brasil,IPCA - Variação acumulada no ano (%),2006-02-01,1.00
Brasil,IPCA - Variação acumulada no ano (%),2006-03-01,1.44
Brasil,IPCA - Variação acumulada no ano (%),2006-04-01,1.65
Brasil,IPCA - Variação acumulada no ano (%),2006-05-01,1.75
Brasil,IPCA - Variação acumulada no ano (%),2006-06-01,1.54
Brasil,IPCA - Variação acumulada no ano (%),2006-07-01,1.73
Brasil,IPCA - Variação acumulada no ano (%),2006-08-01,1.78
Brasil,IPCA - Variação acumulada no ano (%),2006-09-01,2.00
Brasil,IPCA - Variação acumulada no ano (%),2006-10-01,2.33
Brasil,IPCA - Variação acumulada no ano (%),2006-11-01,2.65
Brasil,IPCA - Variação acumulada no ano (%),2006-12-01,3.14
Brasil,IPCA - Variação acumulada no ano (%),2007-01-01,0.44
Brasil,IPCA - Variação acumulada no ano (%),2007-02-01,0.88
Brasil,IPCA - Variação acumulada no ano (%),2007-03-01,1.26
Brasil,IPCA - Variação acumulada no ano (%),2007-04-01,1.51
Brasil,IPCA - Variação acumulada no ano (%),2007-05-01,1.79
Brasil,IPCA - Variação acumulada no ano (%),2007-06-01,2.08
Brasil,IPCA - Variação acumulada no ano (%),2007-07-01,2.32
Brasil,IPCA - Variação acumulada no ano (%),2007-08-01,2.80
Brasil,IPCA - Variação acumulada no ano (%),2007-09-01,2.99
Brasil,IPCA - Variação acumulada no ano (%),2007-10-01,3.30
Brasil,IPCA - Variação acumulada no ano (%),2007-11-01,3.69
Brasil,IPCA - Variação acumulada no ano (%),2007-12-01,4.46
Brasil,IPCA - Variação acumulada no ano (%),2008-01-01,0.54
Brasil,IPCA - Variação acumulada no ano (%),2008-02-01,1.03
Brasil,IPCA - Variação acumulada no ano (%),2008-03-01,1.52
Brasil,IPCA - Variação acumulada no ano (%),2008-04-01,2.08
Brasil,IPCA - Variação acumulada no ano (%),2008-05-01,2.88
Brasil,IPCA - Variação acumulada no ano (%),2008-06-01,3.64
Brasil,IPCA - Variação acumulada no ano (%),2008-07-01,4.19
Brasil,IPCA - Variação acumulada no ano (%),2008-08-01,4.48
Brasil,IPCA - Variação acumulada no ano (%),2008-09-01,4.76
Brasil,IPCA - Variação acumulada no ano (%),2008-10-01,5.23
Brasil,IPCA - Variação acumulada no ano (%),2008-11-01,5.61
Brasil,IPCA - Variação acumulada no ano (%),2008-12-01,5.90
Brasil,IPCA - Variação acumulada no ano (%),2009-01-01,0.48
Brasil,IPCA - Variação acumulada no ano (%),2009-02-01,1.03
Brasil,IPCA - Variação acumulada no ano (%),2009-03-01,1.23
Brasil,IPCA - Variação acumulada no ano (%),2009-04-01,1.72
Brasil,IPCA - Variação acumulada no ano (%),2009-05-01,2.20
Brasil,IPCA - Variação acumulada no ano (%),2009-06-01,2.57
Brasil,IPCA - Variação acumulada no ano (%),2009-07-01,2.81
Brasil,IPCA - Variação acumulada no ano (%),2009-08-01,2.97
Brasil,IPCA - Variação acumulada no ano (%),2009-09-01,3.21
Brasil,IPCA - Variação acumulada no ano (%),2009-10-01,3.50
Brasil,IPCA - Variação acumulada no ano (%),2009-11-01,3.93
Brasil,IPCA - Variação acumulada no ano (%),2009-12-01,4.31
Brasil,IPCA - Variação acumulada no ano (%),2010-01-01,0.75
Brasil,IPCA - Variação acumulada no ano (%),2010-02-01,1.54
Brasil,IPCA - Variação acumulada no ano (%),2010-03-01,2.06
Brasil,IPCA - Variação acumulada no ano (%),2010-04-01,2.65
Brasil,IPCA - Variação acumulada no ano (%),2010-05-01,3.09
Brasil,IPCA - Variação acumulada no ano (%),2010-06-01,3.09
Brasil,IPCA - Variação acumulada no ano (%),2010-07-01,3.10
Brasil,IPCA - Variação acumulada no ano (%),2010-08-01,3.14
Brasil,IPCA - Variação acumulada no ano (%),2010-09-01,3.60
Brasil,IPCA - Variação acumulada no ano (%),2010-10-01,4.38
Brasil,IPCA - Variação acumulada no ano (%),2010-11-01,5.25
Brasil,IPCA - Variação acumulada no ano (%),2010-12-01,5.91
Brasil,IPCA - Variação acumulada no ano (%),2011-01-01,0.83
Brasil,IPCA - Variação acumulada no ano (%),2011-02-01,1.64
Brasil,IPCA - Variação acumulada no ano (%),2011-03-01,2.44
Brasil,IPCA - Variação acumulada no ano (%),2011-04-01,3.23
Brasil,IPCA - Variação acumulada no ano (%),2011-05-01,3.71
Brasil,IPCA - Variação acumulada no ano (%),2011-06-01,3.87
Brasil,IPCA - Variação acumulada no ano (%),2011-07-01,4.04
Brasil,IPCA - Variação acumulada no ano (%),2011-08-01,4.42
Brasil,IPCA - Variação acumulada no ano (%),2011-09-01,4.97
Brasil,IPCA - Variação acumulada no ano (%),2011-10-01,5.43
Brasil,IPCA - Variação acumulada no ano (%),2011-11-01,5.97
Brasil,IPCA - Variação acumulada no ano (%),2011-12-01,6.50
Brasil,IPCA - Variação acumulada no ano (%),2012-01-01,0.56
Brasil,IPCA - Variação acumulada no ano (%),2012-02-01,1.01
Brasil,IPCA - Variação acumulada no ano (%),2012-03-01,1.22
Brasil,IPCA - Variação acumulada no ano (%),2012-04-01,1.87
Brasil,IPCA - Variação acumulada no ano (%),2012-05-01,2.24
Brasil,IPCA - Variação acumulada no ano (%),2012-06-01,2.32
Brasil,IPCA - Variação acumulada no ano (%),2012-07-01,2.76
Brasil,IPCA - Variação acumulada no ano (%),2012-08-01,3.18
Brasil,IPCA - Variação acumulada no ano (%),2012-09-01,3.77
Brasil,IPCA - Variação acumulada no ano (%),2012-10-01,4.38
Brasil,IPCA - Variação acumulada no ano (%),2012-11-01,5.01
Brasil,IPCA - Variação acumulada no ano (%),2012-12-01,5.84
Brasil,IPCA - Variação acumulada no ano (%),2013-01-01,0.86
Brasil,IPCA - Variação acumulada no ano (%),2013-02-01,1.47
Brasil,IPCA - Variação acumulada no ano (%),2013-03-01,1.94
Brasil,IPCA - Variação acumulada no ano (%),2013-04-01,2.50
Brasil,IPCA - Variação acumulada no ano (%),2013-05-01,2.88
Brasil,IPCA - Variação acumulada no ano (%),2013-06-01,3.15
Brasil,IPCA - Variação acumulada no ano (%),2013-07-01,3.18
Brasil,IPCA - Variação acumulada no ano (%),2013-08-01,3.43
Brasil,IPCA - Variação acumulada no ano (%),2013-09-01,3.79
Brasil,IPCA - Variação acumulada no ano (%),2013-10-01,4.38
Brasil,IPCA - Variação acumulada no ano (%),2013-11-01,4.95
Brasil,IPCA - Variação acumulada no ano (%),2013-12-01,5.91
Brasil,IPCA - Variação acumulada no ano (%),2014-01-01,0.55
Brasil,IPCA - Variação acumulada no ano (%),2014-02-01,1.24
Brasil,IPCA - Variação acumulada no ano (%),2014-03-01,2.18
Brasil,IPCA - Variação acumulada no ano (%),2014-04-01,2.86
Brasil,IPCA - Variação acumulada no ano (%),2014-05-01,3.33
Brasil,IPCA - Variação acumulada no ano (%),2014-06-01,3.75
Brasil,IPCA - Variação acumulada no ano (%),2014-07-01,3.76
Brasil,IPCA - Variação acumulada no ano (%),2014-08-01,4.02
Brasil,IPCA - Variação acumulada no ano (%),2014-09-01,4.61
Brasil,IPCA - Variação acumulada no ano (%),2014-10-01,5.05
Brasil,IPCA - Variação acumulada no ano (%),2014-11-01,5.58
Brasil,IPCA - Variação acumulada no ano (%),2014-12-01,6.41
Brasil,IPCA - Variação acumulada no ano (%),2015-01-01,1.24
Brasil,IPCA - Variação acumulada no ano (%),2015-02-01,2.48
Brasil,IPCA - Variação acumulada no ano (%),2015-03-01,3.83
Brasil,IPCA - Variação acumulada no ano (%),2015-04-01,4.56
Brasil,IPCA - Variação acumulada no ano (%),2015-05-01,5.34
Brasil,IPCA - Variação acumulada no ano (%),2015-06-01,6.17
Brasil,IPCA - Variação acumulada no ano (%),2015-07-01,6.83
Brasil,IPCA - Variação acumulada no ano (%),2015-08-01,7.06
Brasil,IPCA - Variação acumulada no ano (%),2015-09-01,7.64
Brasil,IPCA - Variação acumulada no ano (%),2015-10-01,8.52
Brasil,IPCA - Variação acumulada no ano (%),2015-11-01,9.62
Brasil,IPCA - Variação acumulada no ano (%),2015-12-01,10.67
Brasil,IPCA - Variação acumulada no ano (%),2016-01-01,1.27
Brasil,IPCA - Variação acumulada no ano (%),2016-02-01,2.18
Brasil,IPCA - Variação acumulada no ano (%),2016-03-01,2.62
Brasil,IPCA - Variação acumulada no ano (%),2016-04-01,3.25
Brasil,IPCA - Variação acumulada no ano (%),2016-05-01,4.05
Brasil,IPCA - Variação acumulada no ano (%),2016-06-01,4.42
Brasil,IPCA - Variação acumulada no ano (%),2016-07-01,4.96
Brasil,IPCA - Variação acumulada no ano (%),2016-08-01,5.42
Brasil,IPCA - Variação acumulada no ano (%),2016-09-01,5.51
Brasil,IPCA - Variação acumulada no ano (%),2016-10-01,5.78
Brasil,IPCA - Variação acumulada no ano (%),2016-11-01,5.97
Brasil,IPCA - Variação acumulada no ano (%),2016-12-01,6.29
Brasil,IPCA - Variação acumulada no ano (%),2017-01-01,0.38
Brasil,IPCA - Variação acumulada no ano (%),2017-02-01,0.71
Brasil,IPCA - Variação acumulada no ano (%),2017-03-01,0.96
Brasil,IPCA - Variação acumulada no ano (%),2017-04-01,1.10
Brasil,IPCA - Variação acumulada no ano (%),2017-05-01,1.42
Brasil,IPCA - Variação acumulada no ano (%),2017-06-01,1.18
Brasil,IPCA - Variação acumulada no ano (%),2017-07-01,1.43
Brasil,IPCA - Variação acumulada no ano (%),2017-08-01,1.62
Brasil,IPCA - Variação acumulada no ano (%),2017-09-01,1.78
Brasil,IPCA - Variação acumulada no ano (%),2017-10-01,2.21
Brasil,IPCA - Variação acumulada no ano (%),2017-11-01,2.50
Brasil,IPCA - Variação acumulada no ano (%),2017-12-01,2.95
Brasil,IPCA - Variação acumulada no ano (%),2018-01-01,0.29
Brasil,IPCA - Variação acumulada no ano (%),2018-02-01,0.61
Brasil,IPCA - Variação acumulada no ano (%),2018-03-01,0.70
Brasil,IPCA - Variação acumulada no ano (%),2018-04-01,0.92
Brasil,IPCA - Variação acumulada no ano (%),2018-05-01,1.33
Brasil,IPCA - Variação acumulada no ano (%),2018-06-01,2.60
Brasil,IPCA - Variação acumulada no ano (%),2018-07-01,2.94
Brasil,IPCA - Variação acumulada no ano (%),2018-08-01,2.85
Brasil,IPCA - Variação acumulada no ano (%),2018-09-01,3.34
Brasil,IPCA - Variação acumulada no ano (%),2018-10-01,3.81
Brasil,IPCA - Variação acumulada no ano (%),2018-11-01,3.59
Brasil,IPCA - Variação acumulada no ano (%),2018-12-01,3.75
Brasil,IPCA - Variação acumulada no ano (%),2019-01-01,0.32
Brasil,IPCA - Variação acumulada no ano (%),2019-02-01,0.75
Brasil,IPCA - Variação acumulada no ano (%),2019-03-01,1.51
Brasil,IPCA - Variação acumulada no ano (%),2019-04-01,2.09
Brasil,IPCA - Variação acumulada no ano (%),2019-05-01,2.22
Brasil,IPCA - Variação acumulada no ano (%),2019-06-01,2.23
Brasil,IPCA - Variação acumulada no ano (%),2019-07-01,2.42
Brasil,IPCA - Variação acumulada no ano (%),2019-08-01,2.54
Brasil,IPCA - Variação acumulada no ano (%),2019-09-01,2.49
Brasil,IPCA - Variação acumulada no ano (%),2019-10-01,2.60
Brasil,IPCA - Variação acumulada no ano (%),2019-11-01,3.12
Brasil,IPCA - Variação acumulada no ano (%),2019-12-01,4.31
Brasil,IPCA - Variação acumulada no ano (%),2020-01-01,0.21
Brasil,IPCA - Variação acumulada no ano (%),2020-02-01,0.46
Brasil,IPCA - Variação acumulada no ano (%),2020-03-01,0.53
Brasil,IPCA - Variação acumulada no ano (%),2020-04-01,0.22
Brasil,IPCA - Variação acumulada no ano (%),2020-05-01,-0.16
Brasil,IPCA - Variação acumulada no ano (%),2020-06-01,0.10
Brasil,IPCA - Variação acumulada no ano (%),2020-07-01,0.46
Brasil,IPCA - Variação acumulada no ano (%),2020-08-01,0.70
Brasil,IPCA - Variação acumulada no ano (%),2020-09-01,1.34
Brasil,IPCA - Variação acumulada no ano (%),2020-10-01,2.22
Brasil,IPCA - Variação acumulada no ano (%),2020-11-01,3.13
Brasil,IPCA - Variação acumulada no ano (%),2020-12-01,4.52
Brasil,IPCA - Variação acumulada no ano (%),2021-01-01,0.25
Brasil,IPCA - Variação acumulada no ano (%),2021-02-01,1.11
Brasil,IPCA - Variação acumulada no ano (%),2021-03-01,2.05
Brasil,IPCA - Variação acumulada no ano (%),2021-04-01,2.37
Brasil,IPCA - Variação acumulada no ano (%),2021-05-01,3.22
Brasil,IPCA - Variação acumulada no ano (%),2021-06-01,3.77
Brasil,IPCA - Variação acumulada no ano (%),2021-07-01,4.76
Brasil,IPCA - Variação acumulada no ano (%),2021-08-01,5.67
Brasil,IPCA - Variação acumulada no ano (%),2021-09-01,6.90
Brasil,IPCA - Variação acumulada no ano (%),2021-10-01,8.24
Brasil,IPCA - Variação acumulada no ano (%),2021-11-01,9.26
Brasil,IPCA - Variação acumulada no ano (%),2021-12-01,10.06
Brasil,IPCA - Variação acumulada no ano (%),2022-01-01,0.54
Brasil,IPCA - Variação acumulada no ano (%),2022-02-01,1.56
Brasil,IPCA - Variação acumulada no ano (%),2022-03-01,3.20
Brasil,IPCA - Variação acumulada no ano (%),2022-04-01,4.29
Brasil,IPCA - Variação acumulada no ano (%),2022-05-01,4.78
Brasil,IPCA - Variação acumulada no ano (%),2022-06-01,5.49
Brasil,IPCA - Variação acumulada no ano (%),2022-07-01,4.77
Brasil,IPCA - Variação acumulada no ano (%),2022-08-01,4.39
Brasil,IPCA - Variação acumulada no ano (%),2022-09-01,4.09
Brasil,IPCA - Variação acumulada no ano (%),2022-10-01,4.70
Brasil,IPCA - Variação acumulada no ano (%),2022-11-01,5.13
Brasil,IPCA - Variação acumulada no ano (%),2022-12-01,5.79
Brasil,IPCA - Variação acumulada no ano (%),2023-01-01,0.53
Brasil,IPCA - Variação acumulada no ano (%),2023-02-01,1.37
Brasil,IPCA - Variação acumulada no ano (%),2023-03-01,2.09
Brasil,IPCA - Variação acumulada no ano (%),2023-04-01,2.72
Brasil,IPCA - Variação acumulada no ano (%),2023-05-01,2.95
Brasil,IPCA - Variação acumulada no ano (%),2023-06-01,2.87
Brasil,IPCA - Variação acumulada no ano (%),2023-07-01,2.99
Brasil,IPCA - Variação acumulada no ano (%),2023-08-01,3.23
Brasil,IPCA - Variação acumulada no ano (%),2023-09-01,3.50
Brasil,IPCA - Variação acumulada no ano (%),2023-10-01,3.75
Brasil,IPCA - Variação acumulada no ano (%),2023-11-01,4.04
Brasil,IPCA - Variação acumulada no ano (%),2023-12-01,4.62
Brasil,IPCA - Variação acumulada no ano (%),2024-01-01,0.42
Brasil,IPCA - Variação acumulada no ano (%),2024-02-01,1.25
Brasil,IPCA - Variação acumulada no ano (%),2024-03-01,1.42
Brasil,IPCA - Variação acumulada no ano (%),2024-04-01,1.80
Brasil,IPCA - Variação acumulada no ano (%),2024-05-01,2.27
Brasil,IPCA - Variação acumulada no ano (%),2024-06-01,2.48
Brasil,IPCA - Variação acumulada em 12 meses (%),2002-01-01,7.62
Brasil,IPCA - Variação acumulada em 12 meses (%),2002-02-01,7.51
Brasil,IPCA - Variação acumulada em 12 meses (%),2002-03-01,7.75
Brasil,IPCA - Variação acumulada em 12 meses (%),2002-04-01,7.98
Brasil,IPCA - Variação acumulada em 12 meses (%),2002-05-01,7.77
Brasil,IPCA - Variação acumulada em 12 meses (%),2002-06-01,7.66
Brasil,IPCA - Variação acumulada em 12 meses (%),2002-07-01,7.51
Brasil,IPCA - Variação acumulada em 12 meses (%),2002-08-01,7.46
Brasil,IPCA - Variação acumulada em 12 meses (%),2002-09-01,7.93
Brasil,IPCA - Variação acumulada em 12 meses (%),2002-10-01,8.45
Brasil,IPCA - Variação acumulada em 12 meses (%),2002-11-01,10.93
Brasil,IPCA - Variação acumulada em 12 meses (%),2002-12-01,12.53
Brasil,IPCA - Variação acumulada em 12 meses (%),2003-01-01,14.47
Brasil,IPCA - Variação acumulada em 12 meses (%),2003-02-01,15.85
Brasil,IPCA - Variação acumulada em 12 meses (%),2003-03-01,16.57
Brasil,IPCA - Variação acumulada em 12 meses (%),2003-04-01,16.77
Brasil,IPCA - Variação acumulada em 12 meses (%),2003-05-01,17.24
Brasil,IPCA - Variação acumulada em 12 meses (%),2003-06-01,16.57
Brasil,IPCA - Variação acumulada em 12 meses (%),2003-07-01,15.43
Brasil,IPCA - Variação acumulada em 12 meses (%),2003-08-01,15.07
Brasil,IPCA - Variação acumulada em 12 meses (%),2003-09-01,15.14
Brasil,IPCA - Variação acumulada em 12 meses (%),2003-10-01,13.98
Brasil,IPCA - Variação acumulada em 12 meses (%),2003-11-01,11.02
Brasil,IPCA - Variação acumulada em 12 meses (%),2003-12-01,9.30
Brasil,IPCA - Variação acumulada em 12 meses (%),2004-01-01,7.71
Brasil,IPCA - Variação acumulada em 12 meses (%),2004-02-01,6.69
Brasil,IPCA - Variação acumulada em 12 meses (%),2004-03-01,5.89
Brasil,IPCA - Variação acumulada em 12 meses (%),2004-04-01,5.26
Brasil,IPCA - Variação acumulada em 12 meses (%),2004-05-01,5.15
Brasil,IPCA - Variação acumulada em 12 meses (%),2004-06-01,6.06
Brasil,IPCA - Variação acumulada em 12 meses (%),2004-07-01,6.81
Brasil,IPCA - Variação acumulada em 12 meses (%),2004-08-01,7.18
Brasil,IPCA - Variação acumulada em 12 meses (%),2004-09-01,6.70
Brasil,IPCA - Variação acumulada em 12 meses (%),2004-10-01,6.86
Brasil,IPCA - Variação acumulada em 12 meses (%),2004-11-01,7.24
Brasil,IPCA - Variação acumulada em 12 meses (%),2004-12-01,7.60
Brasil,IPCA - Variação acumulada em 12 meses (%),2005-01-01,7.41
Brasil,IPCA - Variação acumulada em 12 meses (%),2005-02-01,7.39
Brasil,IPCA - Variação acumulada em 12 meses (%),2005-03-01,7.54
Brasil,IPCA - Variação acumulada em 12 meses (%),2005-04-01,8.07
Brasil,IPCA - Variação acumulada em 12 meses (%),2005-05-01,8.05
Brasil,IPCA - Variação acumulada em 12 meses (%),2005-06-01,7.27
Brasil,IPCA - Variação acumulada em 12 meses (%),2005-07-01,6.57
Brasil,IPCA - Variação acumulada em 12 meses (%),2005-08-01,6.02
Brasil,IPCA - Variação acumulada em 12 meses (%),2005-09-01,6.04
Brasil,IPCA - Variação acumulada em 12 meses (%),2005-10-01,6.36
Brasil,IPCA - Variação acumulada em 12 meses (%),2005-11-01,6.22
Brasil,IPCA - Variação acumulada em 12 meses (%),2005-12-01,5.69
Brasil,IPCA - Variação acumulada em 12 meses (%),2006-01-01,5.70
Brasil,IPCA - Variação acumulada em 12 meses (%),2006-02-01,5.51
Brasil,IPCA - Variação acumulada em 12 meses (%),2006-03-01,5.32
Brasil,IPCA - Variação acumulada em 12 meses (%),2006-04-01,4.63
Brasil,IPCA - Variação acumulada em 12 meses (%),2006-05-01,4.23
Brasil,IPCA - Variação acumulada em 12 meses (%),2006-06-01,4.03
Brasil,IPCA - Variação acumulada em 12 meses (%),2006-07-01,3.97
Brasil,IPCA - Variação acumulada em 12 meses (%),2006-08-01,3.84
Brasil,IPCA - Variação acumulada em 12 meses (%),2006-09-01,3.70
Brasil,IPCA - Variação acumulada em 12 meses (%),2006-10-01,3.26
Brasil,IPCA - Variação acumulada em 12 meses (%),2006-11-01,3.02
Brasil,IPCA - Variação acumulada em 12 meses (%),2006-12-01,3.14
Brasil,IPCA - Variação acumulada em 12 meses (%),2007-01-01,2.99
Brasil,IPCA - Variação acumulada em 12 meses (%),2007-02-01,3.02
Brasil,IPCA - Variação acumulada em 12 meses (%),2007-03-01,2.96
Brasil,IPCA - Variação acumulada em 12 meses (%),2007-04-01,3.00
Brasil,IPCA - Variação acumulada em 12 meses (%),2007-05-01,3.18
Brasil,IPCA - Variação acumulada em 12 meses (%),2007-06-01,3.69
Brasil,IPCA - Variação acumulada em 12 meses (%),2007-07-01,3.74
Brasil,IPCA - Variação acumulada em 12 meses (%),2007-08-01,4.18
Brasil,IPCA - Variação acumulada em 12 meses (%),2007-09-01,4.15
Brasil,IPCA - Variação acumulada em 12 meses (%),2007-10-01,4.12
Brasil,IPCA - Variação acumulada em 12 meses (%),2007-11-01,4.19
Brasil,IPCA - Variação acumulada em 12 meses (%),2007-12-01,4.46
Brasil,IPCA - Variação acumulada em 12 meses (%),2008-01-01,4.56
Brasil,IPCA - Variação acumulada em 12 meses (%),2008-02-01,4.61
Brasil,IPCA - Variação acumulada em 12 meses (%),2008-03-01,4.73
Brasil,IPCA - Variação acumulada em 12 meses (%),2008-04-01,5.04
Brasil,IPCA - Variação acumulada em 12 meses (%),2008-05-01,5.58
Brasil,IPCA - Variação acumulada em 12 meses (%),2008-06-01,6.06
Brasil,IPCA - Variação acumulada em 12 meses (%),2008-07-01,6.37
Brasil,IPCA - Variação acumulada em 12 meses (%),2008-08-01,6.17
Brasil,IPCA - Variação acumulada em 12 meses (%),2008-09-01,6.25
Brasil,IPCA - Variação acumulada em 12 meses (%),2008-10-01,6.41
Brasil,IPCA - Variação acumulada em 12 meses (%),2008-11-01,6.39
Brasil,IPCA - Variação acumulada em 12 meses (%),2008-12-01,5.90
Brasil,IPCA - Variação acumulada em 12 meses (%),2009-01-01,5.84
Brasil,IPCA - Variação acumulada em 12 meses (%),2009-02-01,5.90
Brasil,IPCA - Variação acumulada em 12 meses (%),2009-03-01,5.61
Brasil,IPCA - Variação acumulada em 12 meses (%),2009-04-01,5.53
Brasil,IPCA - Variação acumulada em 12 meses (%),2009-05-01,5.20
Brasil,IPCA - Variação acumulada em 12 meses (%),2009-06-01,4.80
Brasil,IPCA - Variação acumulada em 12 meses (%),2009-07-01,4.50
Brasil,IPCA - Variação acumulada em 12 meses (%),2009-08-01,4.36
Brasil,IPCA - Variação acumulada em 12 meses (%),2009-09-01,4.34
Brasil,IPCA - Variação acumulada em 12 meses (%),2009-10-01,4.17
Brasil,IPCA - Variação acumulada em 12 meses (%),2009-11-01,4.22
Brasil,IPCA - Variação acumulada em 12 meses (%),2009-12-01,4.31
Brasil,IPCA - Variação acumulada em 12 meses (%),2010-01-01,4.59
Brasil,IPCA - Variação acumulada em 12 meses (%),2010-02-01,4.83
Brasil,IPCA - Variação acumulada em 12 meses (%),2010-03-01,5.17
Brasil,IPCA - Variação acumulada em 12 meses (%),2010-04-01,5.26
Brasil,IPCA - Variação acumulada em 12 meses (%),2010-05-01,5.22
Brasil,IPCA - Variação acumulada em 12 meses (%),2010-06-01,4.84
Brasil,IPCA - Variação acumulada em 12 meses (%),2010-07-01,4.60
Brasil,IPCA - Variação acumulada em 12 meses (%),2010-08-01,4.49
Brasil,IPCA - Variação acumulada em 12 meses (%),2010-09-01,4.70
Brasil,IPCA - Variação acumulada em 12 meses (%),2010-10-01,5.20
Brasil,IPCA - Variação acumulada em 12 meses (%),2010-11-01,5.63
Brasil,IPCA - Variação acumulada em 12 meses (%),2010-12-01,5.91
Brasil,IPCA - Variação acumulada em 12 meses (%),2011-01-01,5.99
Brasil,IPCA - Variação acumulada em 12 meses (%),2011-02-01,6.01
Brasil,IPCA - Variação acumulada em 12 meses (%),2011-03-01,6.30
Brasil,IPCA - Variação acumulada em 12 meses (%),2011-04-01,6.51
Brasil,IPCA - Variação acumulada em 12 meses (%),2011-05-01,6.55
Brasil,IPCA - Variação acumulada em 12 meses (%),2011-06-01,6.71
Brasil,IPCA - Variação acumulada em 12 meses (%),2011-07-01,6.87
Brasil,IPCA - Variação acumulada em 12 meses (%),2011-08-01,7.23
Brasil,IPCA - Variação acumulada em 12 meses (%),2011-09-01,7.31
Brasil,IPCA - Variação acumulada em 12 meses (%),2011-10-01,6.97
Brasil,IPCA - Variação acumulada em 12 meses (%),2011-11-01,6.64
Brasil,IPCA - Variação acumulada em 12 meses (%),2011-12-01,6.50
Brasil,IPCA - Variação acumulada em 12 meses (%),2012-01-01,6.22
Brasil,IPCA - Variação acumulada em 12 meses (%),2012-02-01,5.84
Brasil,IPCA - Variação acumulada em 12 meses (%),2012-03-01,5.24
Brasil,IPCA - Variação acumulada em 12 meses (%),2012-04-01,5.10
Brasil,IPCA - Variação acumulada em 12 meses (%),2012-05-01,4.99
Brasil,IPCA - Variação acumulada em 12 meses (%),2012-06-01,4.92
Brasil,IPCA - Variação acumulada em 12 meses (%),2012-07-01,5.20
Brasil,IPCA - Variação acumulada em 12 meses (%),2012-08-01,5.24
Brasil,IPCA - Variação acumulada em 12 meses (%),2012-09-01,5.28
Brasil,IPCA - Variação acumulada em 12 meses (%),2012-10-01,5.45
Brasil,IPCA - Variação acumulada em 12 meses (%),2012-11-01,5.53
Brasil,IPCA - Variação acumulada em 12 meses (%),2012-12-01,5.84
Brasil,IPCA - Variação acumulada em 12 meses (%),2013-01-01,6.15
Brasil,IPCA - Variação acumulada em 12 meses (%),2013-02-01,6.31
Brasil,IPCA - Variação acumulada em 12 meses (%),2013-03-01,6.59
Brasil,IPCA - Variação acumulada em 12 meses (%),2013-04-01,6.49
Brasil,IPCA - Variação acumulada em 12 meses (%),2013-05-01,6.50
Brasil,IPCA - Variação acumulada em 12 meses (%),2013-06-01,6.70
Brasil,IPCA - Variação acumulada em 12 meses (%),2013-07-01,6.27
Brasil,IPCA - Variação acumulada em 12 meses (%),2013-08-01,6.09
Brasil,IPCA - Variação acumulada em 12 meses (%),2013-09-01,5.86
Brasil,IPCA - Variação acumulada em 12 meses (%),2013-10-01,5.84
Brasil,IPCA - Variação acumulada em 12 meses (%),2013-11-01,5.77
Brasil,IPCA - Variação acumulada em 12 meses (%),2013-12-01,5.91
Brasil,IPCA - Variação acumulada em 12 meses (%),2014-01-01,5.59
Brasil,IPCA - Variação acumulada em 12 meses (%),2014-02-01,5.68
Brasil,IPCA - Variação acumulada em 12 meses (%),2014-03-01,6.15
Brasil,IPCA - Variação acumulada em 12 meses (%),2014-04-01,6.28
Brasil,IPCA - Variação acumulada em 12 meses (%),2014-05-01,6.37
Brasil,IPCA - Variação acumulada em 12 meses (%),2014-06-01,6.52
Brasil,IPCA - Variação acumulada em 12 meses (%),2014-07-01,6.50
Brasil,IPCA - Variação acumulada em 12 meses (%),2014-08-01,6.51
Brasil,IPCA - Variação acumulada em 12 meses (%),2014-09-01,6.75
Brasil,IPCA - Variação acumulada em 12 meses (%),2014-10-01,6.59
Brasil,IPCA - Variação acumulada em 12 meses (%),2014-11-01,6.56
Brasil,IPCA - Variação acumulada em 12 meses (%),2014-12-01,6.41
Brasil,IPCA - Variação acumulada em 12 meses (%),2015-01-01,7.14
Brasil,IPCA - Variação acumulada em 12 meses (%),2015-02-01,7.70
Brasil,IPCA - Variação acumulada em 12 meses (%),2015-03-01,8.13
Brasil,IPCA - Variação acumulada em 12 meses (%),2015-04-01,8.17
Brasil,IPCA - Variação acumulada em 12 meses (%),2015-05-01,8.47
Brasil,IPCA - Variação acumulada em 12 meses (%),2015-06-01,8.89
Brasil,IPCA - Variação acumulada em 12 meses (%),2015-07-01,9.56
Brasil,IPCA - Variação acumulada em 12 meses (%),2015-08-01,9.53
Brasil,IPCA - Variação acumulada em 12 meses (%),2015-09-01,9.49
Brasil,IPCA - Variação acumulada em 12 meses (%),2015-10-01,9.93
Brasil,IPCA - Variação acumulada em 12 meses (%),2015-11-01,10.48
Brasil,IPCA - Variação acumulada em 12 meses (%),2015-12-01,10.67
Brasil,IPCA - Variação acumulada em 12 meses (%),2016-01-01,10.71
Brasil,IPCA - Variação acumulada em 12 meses (%),2016-02-01,10.36
Brasil,IPCA - Variação acumulada em 12 meses (%),2016-03-01,9.39
Brasil,IPCA - Variação acumulada em 12 meses (%),2016-04-01,9.28
Brasil,IPCA - Variação acumulada em 12 meses (%),2016-05-01,9.32
Brasil,IPCA - Variação acumulada em 12 meses (%),2016-06-01,8.84
Brasil,IPCA - Variação acumulada em 12 meses (%),2016-07-01,8.74
Brasil,IPCA - Variação acumulada em 12 meses (%),2016-08-01,8.97
Brasil,IPCA - Variação acumulada em 12 meses (%),2016-09-01,8.48
Brasil,IPCA - Variação acumulada em 12 meses (%),2016-10-01,7.87
Brasil,IPCA - Variação acumulada em 12 meses (%),2016-11-01,6.99
Brasil,IPCA - Variação acumulada em 12 meses (%),2016-12-01,6.29
Brasil,IPCA - Variação acumulada em 12 meses (%),2017-01-01,5.35
Brasil,IPCA - Variação acumulada em 12 meses (%),2017-02-01,4.76
Brasil,IPCA - Variação acumulada em 12 meses (%),2017-03-01,4.57
Brasil,IPCA - Variação acumulada em 12 meses (%),2017-04-01,4.08
Brasil,IPCA - Variação acumulada em 12 meses (%),2017-05-01,3.60
Brasil,IPCA - Variação acumulada em 12 meses (%),2017-06-01,3.00
Brasil,IPCA - Variação acumulada em 12 meses (%),2017-07-01,2.71
Brasil,IPCA - Variação acumulada em 12 meses (%),2017-08-01,2.46
Brasil,IPCA - Variação acumulada em 12 meses (%),2017-09-01,2.54
Brasil,IPCA - Variação acumulada em 12 meses (%),2017-10-01,2.70
Brasil,IPCA - Variação acumulada em 12 meses (%),2017-11-01,2.80
Brasil,IPCA - Variação acumulada em 12 meses (%),2017-12-01,2.95
Brasil,IPCA - Variação acumulada em 12 meses (%),2018-01-01,2.86
Brasil,IPCA - Variação acumulada em 12 meses (%),2018-02-01,2.84
Brasil,IPCA - Variação acumulada em 12 meses (%),2018-03-01,2.68
Brasil,IPCA - Variação acumulada em 12 meses (%),2018-04-01,2.76
Brasil,IPCA - Variação acumulada em 12 meses (%),2018-05-01,2.86
Brasil,IPCA - Variação acumulada em 12 meses (%),2018-06-01,4.39
Brasil,IPCA - Variação acumulada em 12 meses (%),2018-07-01,4.48
Brasil,IPCA - Variação acumulada em 12 meses (%),2018-08-01,4.19
Brasil,IPCA - Variação acumulada em 12 meses (%),2018-09-01,4.53
Brasil,IPCA - Variação acumulada em 12 meses (%),2018-10-01,4.56
Brasil,IPCA - Variação acumulada em 12 meses (%),2018-11-01,4.05
Brasil,IPCA - Variação acumulada em 12 meses (%),2018-12-01,3.75
Brasil,IPCA - Variação acumulada em 12 meses (%),2019-01-01,3.78
Brasil,IPCA - Variação acumulada em 12 meses (%),2019-02-01,3.89
Brasil,IPCA - Variação acumulada em 12 meses (%),2019-03-01,4.58
Brasil,IPCA - Variação acumulada em 12 meses (%),2019-04-01,4.94
Brasil,IPCA - Variação acumulada em 12 meses (%),2019-05-01,4.66
Brasil,IPCA - Variação acumulada em 12 meses (%),2019-06-01,3.37
Brasil,IPCA - Variação acumulada em 12 meses (%),2019-07-01,3.22
Brasil,IPCA - Variação acumulada em 12 meses (%),2019-08-01,3.43
Brasil,IPCA - Variação acumulada em 12 meses (%),2019-09-01,2.89
Brasil,IPCA - Variação acumulada em 12 meses (%),2019-10-01,2.54
Brasil,IPCA - Variação acumulada em 12 meses (%),2019-11-01,3.27
Brasil,IPCA - Variação acumulada em 12 meses (%),2019-12-01,4.31
Brasil,IPCA - Variação acumulada em 12 meses (%),2020-01-01,4.19
Brasil,IPCA - Variação acumulada em 12 meses (%),2020-02-01,4.01
Brasil,IPCA - Variação acumulada em 12 meses (%),2020-03-01,3.30
Brasil,IPCA - Variação acumulada em 12 meses (%),2020-04-01,2.40
Brasil,IPCA - Variação acumulada em 12 meses (%),2020-05-01,1.88
Brasil,IPCA - Variação acumulada em 12 meses (%),2020-06-01,2.13
Brasil,IPCA - Variação acumulada em 12 meses (%),2020-07-01,2.31
Brasil,IPCA - Variação acumulada em 12 meses (%),2020-08-01,2.44
Brasil,IPCA - Variação acumulada em 12 meses (%),2020-09-01,3.14
Brasil,IPCA - Variação acumulada em 12 meses (%),2020-10-01,3.92
Brasil,IPCA - Variação acumulada em 12 meses (%),2020-11-01,4.31
Brasil,IPCA - Variação acumulada em 12 meses (%),2020-12-01,4.52
Brasil,IPCA - Variação acumulada em 12 meses (%),2021-01-01,4.56
Brasil,IPCA - Variação acumulada em 12 meses (%),2021-02-01,5.20
Brasil,IPCA - Variação acumulada em 12 meses (%),2021-03-01,6.10
Brasil,IPCA - Variação acumulada em 12 meses (%),2021-04-01,6.76
Brasil,IPCA - Variação acumulada em 12 meses (%),2021-05-01,8.06
Brasil,IPCA - Variação acumulada em 12 meses (%),2021-06-01,8.35
Brasil,IPCA - Variação acumulada em 12 meses (%),2021-07-01,8.99
Brasil,IPCA - Variação acumulada em 12 meses (%),2021-08-01,9.68
Brasil,IPCA - Variação acumulada em 12 meses (%),2021-09-01,10.25
Brasil,IPCA - Variação acumulada em 12 meses (%),2021-10-01,10.67
Brasil,IPCA - Variação acumulada em 12 meses (%),2021-11-01,10.74
Brasil,IPCA - Variação acumulada em 12 meses (%),2021-12-01,10.06
Brasil,IPCA - Variação acumulada em 12 meses (%),2022-01-01,10.38
Brasil,IPCA - Variação acumulada em 12 meses (%),2022-02-01,10.54
Brasil,IPCA - Variação acumulada em 12 meses (%),2022-03-01,11.30
Brasil,IPCA - Variação acumulada em 12 meses (%),2022-04-01,12.13
Brasil,IPCA - Variação acumulada em 12 meses (%),2022-05-01,11.73
Brasil,IPCA - Variação acumulada em 12 meses (%),2022-06-01,11.89
Brasil,IPCA - Variação acumulada em 12 meses (%),2022-07-01,10.07
Brasil,IPCA - Variação acumulada em 12 meses (%),2022-08-01,8.73
Brasil,IPCA - Variação acumulada em 12 meses (%),2022-09-01,7.17
Brasil,IPCA - Variação acumulada em 12 meses (%),2022-10-01,6.47
Brasil,IPCA - Variação acumulada em 12 meses (%),2022-11-01,5.90
Brasil,IPCA - Variação acumulada em 12 meses (%),2022-12-01,5.79
Brasil,IPCA - Variação acumulada em 12 meses (%),2023-01-01,5.77
Brasil,IPCA - Variação acumulada em 12 meses (%),2023-02-01,5.60
Brasil,IPCA - Variação acumulada em 12 meses (%),2023-03-01,4.65
Brasil,IPCA - Variação acumulada em 12 meses (%),2023-04-01,4.18
Brasil,IPCA - Variação acumulada em 12 meses (%),2023-05-01,3.94
Brasil,IPCA - Variação acumulada em 12 meses (%),2023-06-01,3.16
Brasil,IPCA - Variação acumulada em 12 meses (%),2023-07-01,3.99
Brasil,IPCA - Variação acumulada em 12 meses (%),2023-08-01,4.61
Brasil,IPCA - Variação acumulada em 12 meses (%),2023-09-01,5.19
Brasil,IPCA - Variação acumulada em 12 meses (%),2023-10-01,4.82
Brasil,IPCA - Variação acumulada em 12 meses (%),2023-11-01,4.68
Brasil,IPCA - Variação acumulada em 12 meses (%),2023-12-01,4.62
Brasil,IPCA - Variação acumulada em 12 meses (%),2024-01-01,4.51
Brasil,IPCA - Variação acumulada em 12 meses (%),2024-02-01,4.50
Brasil,IPCA - Variação acumulada em 12 meses (%),2024-03-01,3.93
Brasil,IPCA - Variação acumulada em 12 meses (%),2024-04-01,3.69
Brasil,IPCA - Variação acumulada em 12 meses (%),2024-05-01,3.93
Brasil,IPCA - Variação acumulada em 12 meses (%),2024-06-01,4.23
